name,short_name,gender,birth_date,country,discipline,function,event,url
ABDELMAGID Wael,ABDELMAGID W,Male,1982-08-02,Egypt,Football,Head Coach,,../../../en/results/football/athlete-profile-n1378828-abdelmagid-wael.htm
ABE Junya,ABE J,Male,1990-07-25,Japan,Volleyball,Head Coach,,../../../en/results/volleyball/athlete-profile-n1418338-abe-junya.htm
ABE Katsuhiko,ABE K,Male,1979-09-23,Japan,Basketball,Coach,,../../../en/results/basketball/athlete-profile-n1313662-abe-katsuhiko.htm
ADAMA Cherif,ADAMA C,Male,1962-05-06,C么te d'Ivoire,Football,Head Coach,,../../../en/results/football/athlete-profile-n1323707-adama-cherif.htm
AGEBA Yuya,AGEBA Y,Male,1983-09-30,Japan,Volleyball,Head Coach,,../../../en/results/volleyball/athlete-profile-n1474027-ageba-yuya.htm
AIKMAN Siegfried Gottlieb,AIKMAN SG,Male,1959-04-28,Netherlands,Hockey,Head Coach,Men,../../../en/results/hockey/athlete-profile-n1316889-aikman-siegfried-gottlieb.htm
AL SAADI Kais,AL SAADI K,Male,1976-11-06,Germany,Hockey,Head Coach,Men,../../../en/results/hockey/athlete-profile-n1319563-al-saadi-kais.htm
ALAMEDA Lonni,ALAMEDA L,Female,1970-06-11,United States of America,Baseball/Softball,Coach,Softball,../../../en/results/baseball-softball/athlete-profile-n1426203-alameda-lonni.htm
ALEKNO Vladimir,ALEKNO V,Male,1966-12-04,Russian Federation,Volleyball,Head Coach,Men,../../../en/results/volleyball/athlete-profile-n1362880-alekno-vladimir.htm
ALEKSEEV Alexey,ALEKSEEV A,Male,1965-03-05,ROC,Handball,Coach,Women,../../../en/results/handball/athlete-profile-n1407750-alekseev-alexey.htm
ALLER CARBALLO Manuel Angel,ALLER CARBALLO MA,Male,1963-04-17,Spain,Basketball,Coach,,../../../en/results/basketball/athlete-profile-n1322498-aller-carballo-manuel-angel.htm
ALSHEHRI Saad,ALSHEHRI S,Male,1980-01-10,Saudi Arabia,Football,Head Coach,Men,../../../en/results/football/athlete-profile-n1484153-alshehri-saad.htm
ALY Kamal,ALY K,Male,1961-09-29,Egypt,Football,Head Coach,,../../../en/results/football/athlete-profile-n1378837-aly-kamal.htm
AMAYA GAITAN Fabian,AMAYA GAITAN F,Male,1984-01-17,United States of America,Basketball,Coach,,../../../en/results/basketball/athlete-profile-n1426069-amaya-gaitan-fabian.htm
AMO AGUADO Pablo,AMO AGUADO P,Male,1978-01-15,Spain,Football,Head Coach,,../../../en/results/football/athlete-profile-n1328153-amo-aguado-pablo.htm
ANDONOVSKI Vlatko,ANDONOVSKI V,Male,1976-09-14,United States of America,Football,Head Coach,Women,../../../en/results/football/athlete-profile-n1332151-andonovski-vlatko.htm
ANNAN Alyson,ANNAN A,Female,1973-06-21,Netherlands,Hockey,Head Coach,Women,../../../en/results/hockey/athlete-profile-n1466872-annan-alyson.htm
ARNAU CREUS Xavier,ARNAU CREUS X,Male,1973-03-20,Spain,Hockey,Head Coach,Women,../../../en/results/hockey/athlete-profile-n1424311-arnau-creus-xavier.htm
ARNOLD Graham,ARNOLD G,Male,1963-08-03,Australia,Football,Head Coach,Men,../../../en/results/football/athlete-profile-n1482580-arnold-graham.htm
ARZATE Martin,ARZATE M,Male,1960-01-16,Mexico,Baseball/Softball,Coach,,../../../en/results/baseball-softball/athlete-profile-n1311287-arzate-martin.htm
AXNER Tomas,AXNER T,Male,1969-11-30,Sweden,Handball,Coach,Women,../../../en/results/handball/athlete-profile-n1422059-axner-tomas.htm
BABER Gareth Colin,BABER G,Male,1972-05-23,Great Britain,Rugby Sevens,Head Coach,Men,../../../en/results/rugby-sevens/athlete-profile-n1282565-baber-gareth-colin.htm
BACIU Horatiu,BACIU H,Male,1994-03-19,Romania,Football,Head Coach,,../../../en/results/football/athlete-profile-n1313447-baciu-horatiu.htm
BANBULA Wojciech,BANBULA W,Male,1988-12-25,Poland,Volleyball,Head Coach,,../../../en/results/volleyball/athlete-profile-n1432814-banbula-wojciech.htm
BAO Zhuang,BAO Z,Male,1970-02-25,People's Republic of China,Volleyball,Head Coach,,../../../en/results/volleyball/athlete-profile-n1342752-bao-zhuang.htm
BARYLA Pawel,BARYLA P,Male,1984-06-05,Poland,Volleyball,Head Coach,,../../../en/results/volleyball/athlete-profile-n1435984-baryla-pawel.htm
BASILIO Mel,BASILIO M,Female,1981-03-03,Canada,Baseball/Softball,Coach,Softball,../../../en/results/baseball-softball/athlete-profile-n1426204-basilio-mel.htm
BASSO Paola,BASSO P,Female,1970-08-09,Italy,Artistic Swimming,Coach,Duet,../../../en/results/artistic-swimming/athlete-profile-n1425978-basso-paola.htm
BATCH Colin,BATCH C,Male,1958-03-27,Australia,Hockey,Head Coach,Men,../../../en/results/hockey/athlete-profile-n1483120-batch-colin.htm
BATISTA Fernando,BATISTA F,Male,1970-08-20,Argentina,Football,Head Coach,Men,../../../en/results/football/athlete-profile-n1359717-batista-fernando.htm
BATISTA SANTIAGO Gerardo,BATISTA SANTIAGO G,Male,1970-12-21,Puerto Rico,Basketball,Coach,Women,../../../en/results/basketball/athlete-profile-n1292801-batista-santiago-gerardo.htm
BELTRAN Rigoberto,BELTRAN R,Male,1969-11-13,Mexico,Baseball/Softball,Coach,Baseball,../../../en/results/baseball-softball/athlete-profile-n1466709-beltran-rigoberto.htm
BENCIC Filip,BENCIC F,Male,1989-08-13,Serbia,Basketball,Coach,,../../../en/results/basketball/athlete-profile-n1344399-bencic-filip.htm
BERG Laura,BERG L,Female,1975-01-06,United States of America,Baseball/Softball,Coach,Softball,../../../en/results/baseball-softball/athlete-profile-n1310202-berg-laura.htm
BERGE Christian,BERGE C,Male,1973-07-19,Norway,Handball,Coach,Men,../../../en/results/handball/athlete-profile-n1343766-berge-christian.htm
BERNALDEZ Carlos,BERNALDEZ C,Male,1968-03-16,Mexico,Baseball/Softball,Head Coach,Softball,../../../en/results/baseball-softball/athlete-profile-n1306764-bernaldez-carlos.htm
BILLAVA SURESH Ankitha,BILLAVA SURESH A,Female,1992-12-12,India,Hockey,Coach,Women,../../../en/results/hockey/athlete-profile-n1309482-billava-suresh-ankitha.htm
BIRO Attila,BIRO A,Male,1966-05-09,Hungary,Water Polo,Head Coach,Women,../../../en/results/water-polo/athlete-profile-n1364512-biro-attila.htm
BLECHER SIDOROVA Svetlana,BLECHER SIDOROVA S,Female,1965-06-17,Israel,Artistic Swimming,Coach,Duet,../../../en/results/artistic-swimming/athlete-profile-n1296532-blecher-sidorova-svetlana.htm
BLENGINI Gianlorenzo,BLENGINI G,Male,1971-12-29,Italy,Volleyball,Head Coach,Men,../../../en/results/volleyball/athlete-profile-n1340772-blengini-gianlorenzo.htm
BOLTON Alice,BOLTON A,Female,1967-05-25,United States of America,Basketball,Coach,,../../../en/results/basketball/athlete-profile-n1401810-bolton-alice.htm
BREIVIK Marit,BREIVIK M,Female,1955-04-10,Norway,Handball,Coach,,../../../en/results/handball/athlete-profile-n1346403-breivik-marit.htm
BRODERICK William,BRODERICK W,Male,1992-09-17,Great Britain,Rugby Sevens,Head Coach,Women,../../../en/results/rugby-sevens/athlete-profile-n1314175-broderick-william.htm
BRONDELLO Sandy,BRONDELLO S,Female,1968-08-20,Australia,Basketball,Coach,Women,../../../en/results/basketball/athlete-profile-n1328297-brondello-sandy.htm
BROWN Chris,BROWN C,Male,1985-09-26,New Zealand,Rugby Sevens,Head Coach,Women,../../../en/results/rugby-sevens/athlete-profile-n1317915-brown-chris.htm
BROWN Michael,BROWN M,Male,1970-03-05,United States of America,Basketball,Coach,Men,../../../en/results/basketball/athlete-profile-n1406004-brown-michael.htm
BRUN Aristide,BRUN A,Male,1974-05-09,Austria,Artistic Swimming,Coach,,../../../en/results/artistic-swimming/athlete-profile-n1331226-brun-aristide.htm
BUNTING Allan,BUNTING A,Male,1978-02-17,New Zealand,Rugby Sevens,Head Coach,Women,../../../en/results/rugby-sevens/athlete-profile-n1473921-bunting-allan.htm
BUSATO Sergio,BUSATO S,Male,1966-01-24,Italy,Volleyball,Head Coach,Women,../../../en/results/volleyball/athlete-profile-n1435902-busato-sergio.htm
BUSENKELL Axel,BUSENKELL A,Male,1971-11-26,Germany,Football,Head Coach,,../../../en/results/football/athlete-profile-n1325359-busenkell-axel.htm
BYRNE Mick,BYRNE M,Male,1958-12-02,Australia,Rugby Sevens,Head Coach,Women,../../../en/results/rugby-sevens/athlete-profile-n1469761-byrne-mick.htm
CADENAS MONTANES Manuel,CADENAS MONTANES M,Male,1955-02-02,Spain,Handball,Coach,Men,../../../en/results/handball/athlete-profile-n1359651-cadenas-montanes-manuel.htm
CALDAS Max,CALDAS M,Male,1973-03-09,Netherlands,Hockey,Head Coach,Men,../../../en/results/hockey/athlete-profile-n1466844-caldas-max.htm
CAMPAGNA Alessandro,CAMPAGNA A,Male,1963-06-26,Italy,Water Polo,Head Coach,Men,../../../en/results/water-polo/athlete-profile-n1340757-campagna-alessandro.htm
CAMPBELL Eric,CAMPBELL E,Male,1962-05-03,United States of America,Baseball/Softball,Coach,Baseball,../../../en/results/baseball-softball/athlete-profile-n1460670-campbell-eric.htm
CANO SORIANO Joselito,CANO SORIANO J,Male,1962-03-07,United States of America,Baseball/Softball,Coach,Baseball,../../../en/results/baseball-softball/athlete-profile-n1470343-cano-soriano-joselito.htm
CARO Carlos,CARO C,Male,1969-08-12,United States of America,Baseball/Softball,Coach,Softball,../../../en/results/baseball-softball/athlete-profile-n1306766-caro-carlos.htm
CASAREZ Mary Lucy,CASAREZ ML,Female,1960-05-06,United States of America,Baseball/Softball,Coach,Softball,../../../en/results/baseball-softball/athlete-profile-n1313731-casarez-mary-lucy.htm
CASTILLO Nicolas,CASTILLO N,Male,1974-02-16,Mexico,Baseball/Softball,Coach,Baseball,../../../en/results/baseball-softball/athlete-profile-n1466839-castillo-nicolas.htm
CASTRO Alex,CASTRO A,Male,1981-05-27,Chile,Football,Head Coach,,../../../en/results/football/athlete-profile-n1364526-castro-alex.htm
CHAMBERS Cheryl,CHAMBERS C,Female,1968-04-18,Australia,Basketball,Coach,,../../../en/results/basketball/athlete-profile-n1328298-chambers-cheryl.htm
CHEPAK Anastasiya,CHEPAK A,Female,1985-07-05,Ukraine,Artistic Swimming,Coach,Duet,../../../en/results/artistic-swimming/athlete-profile-n1361585-chepak-anastasiya.htm
CHEPAK Anastasiya,CHEPAK A,Female,1985-07-05,Ukraine,Artistic Swimming,Coach,Team,../../../en/results/artistic-swimming/athlete-profile-n1361585-chepak-anastasiya.htm
CHERNETSKA Natalia,CHERNETSKA N,Female,1974-04-01,Ukraine,Artistic Swimming,Coach,Duet,../../../en/results/artistic-swimming/athlete-profile-n1466681-chernetska-natalia.htm
CHERNETSKA Natalia,CHERNETSKA N,Female,1974-04-01,Ukraine,Artistic Swimming,Coach,Team,../../../en/results/artistic-swimming/athlete-profile-n1466681-chernetska-natalia.htm
CHOI Il Eon,CHOI IE,Male,1961-07-27,Republic of Korea,Baseball/Softball,Coach,Baseball,../../../en/results/baseball-softball/athlete-profile-n1333156-choi-il-eon.htm
CHONG Taehyon,CHONG T,Male,1978-11-10,Republic of Korea,Baseball/Softball,Coach,Baseball,../../../en/results/baseball-softball/athlete-profile-n1333157-chong-taehyon.htm
CHUN Jooweon,CHUN J,Female,1972-11-15,Republic of Korea,Basketball,Coach,Women,../../../en/results/basketball/athlete-profile-n1333610-chun-jooweon.htm
CLARK STEPHEN Gregg,CLARK STEPHEN G,Male,1971-01-11,South Africa,Hockey,Coach,Men,../../../en/results/hockey/athlete-profile-n1366531-clark-stephen-gregg.htm
COLLET Vincent,COLLET V,Male,1963-06-06,France,Basketball,Coach,Men,../../../en/results/basketball/athlete-profile-n1337889-collet-vincent.htm
COMMENS Adam,COMMENS A,Male,1976-05-06,Australia,Hockey,Coach,,../../../en/results/hockey/athlete-profile-n1393511-commens-adam.htm
COURTEIX David,COURTEIX D,Male,1972-05-30,France,Rugby Sevens,Head Coach,Women,../../../en/results/rugby-sevens/athlete-profile-n1400664-courteix-david.htm
CRUZ Filipe,CRUZ F,Male,1969-09-07,Angola,Handball,Coach,Women,../../../en/results/handball/athlete-profile-n1457736-cruz-filipe.htm
DAL ZOTTO Renan,DAL ZOTTO R,Male,1960-07-19,Brazil,Volleyball,Head Coach,Men,../../../en/results/volleyball/athlete-profile-n1353959-dal-zotto-renan.htm
DANCER Sean,DANCER S,Male,1975-08-04,Australia,Hockey,Head Coach,Women,../../../en/results/hockey/athlete-profile-n1282059-dancer-sean.htm
DANCHENKO Tatiana,DANCHENKO T,Female,1971-11-06,ROC,Artistic Swimming,Coach,Duet,../../../en/results/artistic-swimming/athlete-profile-n1431711-danchenko-tatiana.htm
DAVY Jeremy,DAVY J,Male,1973-07-03,Australia,Hockey,Coach,Women,../../../en/results/hockey/athlete-profile-n1483176-davy-jeremy.htm
DAZA Fabian,DAZA F,Male,1994-09-23,Chile,Football,Head Coach,,../../../en/results/football/athlete-profile-n1335551-daza-fabian.htm
de ARMAS JR Rolando,de ARMAS JR R,Male,1951-12-29,United States of America,Baseball/Softball,Coach,Baseball,../../../en/results/baseball-softball/athlete-profile-n1461098-de-armas-jr-rolando.htm
de la FUENTE CASTILLO Luis,de la FUENTE CASTI,Male,1961-06-21,Spain,Football,Head Coach,Men,../../../en/results/football/athlete-profile-n1328154-de-la-fuente-castillo-luis.htm
de MOURA Luizomar,de MOURA L,Male,1966-05-26,Brazil,Volleyball,Head Coach,Women,../../../en/results/volleyball/athlete-profile-n1459297-de-moura-luizomar.htm
de OLIVEIRA Marcus Ricardo,de OLIVEIRA MR,Male,1979-12-02,Brazil,Handball,Coach,Men,../../../en/results/handball/athlete-profile-n1335882-de-oliveira-marcus-ricardo.htm
de VOS Robbert-Jan,de VOS R,Male,1979-10-13,Netherlands,Hockey,Coach,,../../../en/results/hockey/athlete-profile-n1466841-de-vos-robbert-jan.htm
DELANEY Mike,DELANEY M,Male,1989-04-17,New Zealand,Hockey,Coach,,../../../en/results/hockey/athlete-profile-n1473558-delaney-mike.htm
DEMCHENKO Zhanna,DEMCHENKO Z,Female,1969-09-18,Russian Federation,Artistic Swimming,Coach,Duet,../../../en/results/artistic-swimming/athlete-profile-n1305511-demchenko-zhanna.htm
DIAZ FERNANDEZ Jenaro Manuel,DIAZ FERNANDEZ JM,Male,1971-04-03,Spain,Basketball,Coach,,../../../en/results/basketball/athlete-profile-n1322499-diaz-fernandez-jenaro-manuel.htm
DIAZ HENRIQUEZ Nestor,DIAZ HENRIQUEZ N,Male,1977-03-26,Dominican Republic,Basketball,Coach,,../../../en/results/basketball/athlete-profile-n1468585-diaz-henriquez-nestor.htm
DOBSON Howard,DOBSON H,Male,1973-02-13,United States of America,Baseball/Softball,Coach,Softball,../../../en/results/baseball-softball/athlete-profile-n1310160-dobson-howard.htm
DROBNJAK Dragisa,DROBNJAK D,Male,1977-11-05,Slovenia,Basketball,Coach,,../../../en/results/basketball/athlete-profile-n1725711-drobnjak-dragisa.htm
DUENAS de GALARZA Jorge,DUENAS de GALARZA,Male,1962-10-16,Spain,Handball,Coach,Women,../../../en/results/handball/athlete-profile-n1335877-duenas-de-galarza-jorge.htm
DURO Fernando,DURO F,Male,1960-11-22,Argentina,Basketball,Coach,,../../../en/results/basketball/athlete-profile-n1418899-duro-fernando.htm
DYKSTRA Trisha,DYKSTRA T,Female,1972-07-23,Australia,Basketball,Coach,,../../../en/results/basketball/athlete-profile-n1328300-dykstra-trisha.htm
ECHEZURIA Manuel,ECHEZURIA M,Male,1997-10-23,Venezuela,Basketball,Coach,,../../../en/results/basketball/athlete-profile-n1451623-echezuria-manuel.htm
EDDY Anthony,EDDY A,Male,1966-01-28,Australia,Rugby Sevens,Head Coach,Men,../../../en/results/rugby-sevens/athlete-profile-n1305508-eddy-anthony.htm
EITOKU Atsushi,EITOKU A,Male,1986-12-14,Japan,Artistic Swimming,Coach,,../../../en/results/artistic-swimming/athlete-profile-n1315874-eitoku-atsushi.htm
ELAFANDI Nour,ELAFANDI N,Female,1993-01-10,Egypt,Artistic Swimming,Coach,Duet,../../../en/results/artistic-swimming/athlete-profile-n1361507-elafandi-nour.htm
ELAFANDI Nour,ELAFANDI N,Female,1993-01-10,Egypt,Artistic Swimming,Coach,Team,../../../en/results/artistic-swimming/athlete-profile-n1361507-elafandi-nour.htm
ELEK Gabor,ELEK G,Male,1970-11-05,Hungary,Handball,Coach,Women,../../../en/results/handball/athlete-profile-n1309796-elek-gabor.htm
ENGELLAND Chip,ENGELLAND C,Male,1961-05-07,United States of America,Basketball,Coach,,../../../en/results/basketball/athlete-profile-n1742113-engelland-chip.htm
ENQUIST Susan,ENQUIST S,Female,1957-08-24,United States of America,Volleyball,Head Coach,,../../../en/results/volleyball/athlete-profile-n1461070-enquist-susan.htm
ERIKSEN Ken,ERIKSEN K,Male,1961-01-31,United States of America,Baseball/Softball,Head Coach,Softball,../../../en/results/baseball-softball/athlete-profile-n1310197-eriksen-ken.htm
ESTRADA Hector,ESTRADA H,Male,1968-10-23,Mexico,Baseball/Softball,Coach,Baseball,../../../en/results/baseball-softball/athlete-profile-n1311216-estrada-hector.htm
EWING Gareth,EWING G,Male,1974-03-13,South Africa,Hockey,Head Coach,Men,../../../en/results/hockey/athlete-profile-n1309583-ewing-gareth.htm
FABRE Julie,FABRE J,Female,1976-06-27,France,Artistic Swimming,Coach,Duet,../../../en/results/artistic-swimming/athlete-profile-n1334710-fabre-julie.htm
FALERO Miguel,FALERO M,Male,1957-05-17,Uruguay,Football,Head Coach,Men,../../../en/results/football/athlete-profile-n1361933-falero-miguel.htm
FARINELLI Roberta,FARINELLI R,Female,1970-02-06,Italy,Artistic Swimming,Coach,Duet,../../../en/results/artistic-swimming/athlete-profile-n1310729-farinelli-roberta.htm
FARINELLI Roberta,FARINELLI R,Female,1970-02-06,Italy,Artistic Swimming,Coach,Team,../../../en/results/artistic-swimming/athlete-profile-n1310729-farinelli-roberta.htm
FATOVIC Elvis,FATOVIC E,Male,1971-05-08,Australia,Water Polo,Head Coach,Men,../../../en/results/water-polo/athlete-profile-n1483221-fatovic-elvis.htm
FAVAREL Pablo,FAVAREL P,Male,1983-10-14,Argentina,Basketball,Coach,,../../../en/results/basketball/athlete-profile-n1418935-favarel-pablo.htm
FENSTER Darren,FENSTER D,Male,1978-09-11,United States of America,Baseball/Softball,Coach,Baseball,../../../en/results/baseball-softball/athlete-profile-n1460632-fenster-darren.htm
FERRARO Hernan ,FERRARO H,Male,1968-05-13,Argentina,Volleyball,Head Coach,Women,../../../en/results/volleyball/athlete-profile-n1365435-ferraro-hernan-.htm
FISH Nate,FISH N,Male,1980-01-02,United States of America,Baseball/Softball,Coach,Baseball,../../../en/results/baseball-softball/athlete-profile-n1424133-fish-nate.htm
FLOWERS Tairia,FLOWERS T,Female,1981-01-09,United States of America,Baseball/Softball,Coach,Softball,../../../en/results/baseball-softball/athlete-profile-n1310190-flowers-tairia.htm
FOIREST Laurent,FOIREST L,Male,1973-09-18,France,Basketball,Coach,,../../../en/results/basketball/athlete-profile-n1337892-foirest-laurent.htm
FORREST Scott,FORREST S,Male,1984-08-06,Great Britain,Rugby Sevens,Head Coach,Women,../../../en/results/rugby-sevens/athlete-profile-n1468854-forrest-scott.htm
FRIDAY Mike,FRIDAY M,Male,1972-04-25,Great Britain,Rugby Sevens,Head Coach,Men,../../../en/results/rugby-sevens/athlete-profile-n1317938-friday-mike.htm
FUENTES Andrea,FUENTES A,Female,1983-04-07,Spain,Artistic Swimming,Coach,Duet,../../../en/results/artistic-swimming/athlete-profile-n1302349-fuentes-andrea.htm
FUERBRINGER Matthew,FUERBRINGER M,Male,1974-01-29,Canada,Volleyball,Head Coach,,../../../en/results/volleyball/athlete-profile-n1298691-fuerbringer-matthew.htm
FUJIKI Mayuko,FUJIKI M,Female,1975-06-21,Japan,Artistic Swimming,Coach,Duet,../../../en/results/artistic-swimming/athlete-profile-n1328014-fujiki-mayuko.htm
FUJIKI Mayuko,FUJIKI M,Female,1975-06-21,Japan,Artistic Swimming,Coach,Team,../../../en/results/artistic-swimming/athlete-profile-n1328014-fujiki-mayuko.htm
FULI Saiasi,FULI S,Male,1978-03-16,Fiji,Rugby Sevens,Head Coach,Women,../../../en/results/rugby-sevens/athlete-profile-n1282562-fuli-saiasi.htm
GADEMAN Pasha,GADEMAN P,Male,1988-03-06,Netherlands,Hockey,Head Coach,Men,../../../en/results/hockey/athlete-profile-n1433923-gademan-pasha.htm
GAIDUKOV Aleksandr,GAIDUKOV A,Male,1974-01-10,ROC,Water Polo,Head Coach,Women,../../../en/results/water-polo/athlete-profile-n1427979-gaidukov-aleksandr.htm
GARCIA Manuel,GARCIA M,Male,1989-03-08,Dominican Republic,Baseball/Softball,Coach,Baseball,../../../en/results/baseball-softball/athlete-profile-n1469732-garcia-manuel.htm
GARCIA Nestor,GARCIA N,Male,1965-11-01,Argentina,Basketball,Coach,,../../../en/results/basketball/athlete-profile-n1469223-garcia-nestor.htm
GARCIA PIZARRO Paula,GARCIA PIZARRO P,Female,1978-11-10,Colombia,Artistic Swimming,Coach,Duet,../../../en/results/artistic-swimming/athlete-profile-n1383998-garcia-pizarro-paula.htm
GARNIER Valerie,GARNIER V,Female,1965-01-09,France,Basketball,Coach,Women,../../../en/results/basketball/athlete-profile-n1337973-garnier-valerie.htm
GERHARDSSON Peter,GERHARDSSON P,Male,1959-08-22,Sweden,Football,Head Coach,Women,../../../en/results/football/athlete-profile-n1380663-gerhardsson-peter.htm
GIACOBBE Antonio,GIACOBBE A,Male,1947-02-12,Italy,Volleyball,Head Coach,Men,../../../en/results/volleyball/athlete-profile-n1331527-giacobbe-antonio.htm
GIALLOMBARDO Patrizia,GIALLOMBARDO P,Female,1964-07-19,Italy,Artistic Swimming,Coach,Duet,../../../en/results/artistic-swimming/athlete-profile-n1310727-giallombardo-patrizia.htm
GIALLOMBARDO Patrizia,GIALLOMBARDO P,Female,1964-07-19,Italy,Artistic Swimming,Coach,Team,../../../en/results/artistic-swimming/athlete-profile-n1310727-giallombardo-patrizia.htm
GILLE Guillaume,GILLE G,Male,1976-07-12,France,Handball,Coach,Men,../../../en/results/handball/athlete-profile-n1350283-gille-guillaume.htm
GINZBURG Ronen,GINZBURG R,Male,1963-09-19,Israel,Basketball,Coach,Men,../../../en/results/basketball/athlete-profile-n1432594-ginzburg-ronen.htm
GISLASON Alfred,GISLASON A,Male,1959-09-07,Iceland,Handball,Coach,Men,../../../en/results/handball/athlete-profile-n1345546-gislason-alfred.htm
GOJKOVIC Vladimir,GOJKOVIC V,Male,1981-01-29,Montenegro,Water Polo,Head Coach,Men,../../../en/results/water-polo/athlete-profile-n1308641-gojkovic-vladimir.htm
GOMEZ CORA Santiago,GOMEZ CORA S,Male,1978-07-25,Argentina,Rugby Sevens,Head Coach,Men,../../../en/results/rugby-sevens/athlete-profile-n1362712-gomez-cora-santiago.htm
GOMEZ Gilbert,GOMEZ G,Male,1992-03-08,Dominican Republic,Baseball/Softball,Coach,Baseball,../../../en/results/baseball-softball/athlete-profile-n1469785-gomez-gilbert.htm
GONZALEZ Anibal,GONZALEZ A,Male,1989-04-03,Spain,Football,Head Coach,,../../../en/results/football/athlete-profile-n1303890-gonzalez-anibal.htm
GONZALEZ JARENO Angel,GONZALEZ JARENO A,Male,1960-12-07,Spain,Basketball,Coach,,../../../en/results/basketball/athlete-profile-n1400378-gonzalez-jareno-angel.htm
GOORJIAN Brian Warwick,GOORJIAN B,Male,1953-06-28,Australia,Basketball,Coach,Men,../../../en/results/basketball/athlete-profile-n1483492-goorjian-brian-warwick.htm
GORDO MANSILLA Juan David,GORDO MANSILLA J,Male,1970-02-02,Spain,Football,Head Coach,,../../../en/results/football/athlete-profile-n1328156-gordo-mansilla-juan-david.htm
GRAINGER Adam,GRAINGER A,Male,1980-07-06,Ireland,Hockey,Coach,,../../../en/results/hockey/athlete-profile-n1282063-grainger-adam.htm
GRAUPERA Cristina,GRAUPERA C,Female,1993-08-03,Greece,Artistic Swimming,Coach,,../../../en/results/artistic-swimming/athlete-profile-n1912263-graupera-cristina.htm
GRAZIOSI Gianluca,GRAZIOSI G,Male,1965-10-01,Italy,Volleyball,Head Coach,,../../../en/results/volleyball/athlete-profile-n1348454-graziosi-gianluca.htm
GRESKOWIAK Arne,GRESKOWIAK A,Male,1984-07-28,Germany,Basketball,Coach,,../../../en/results/basketball/athlete-profile-n1602142-greskowiak-arne.htm
GRYZUNOVA Elena,GRYZUNOVA E,Female,1960-01-28,ROC,Artistic Swimming,Coach,Team,../../../en/results/artistic-swimming/athlete-profile-n1431713-gryzunova-elena.htm
GUERRERO LOPEZ Julen,GUERRERO LOPEZ J,Male,1974-01-07,Spain,Football,Head Coach,,../../../en/results/football/athlete-profile-n1328157-guerrero-lopez-julen.htm
GUERRERO Rolando,GUERRERO R,Male,1962-10-14,Mexico,Baseball/Softball,Coach,Softball,../../../en/results/baseball-softball/athlete-profile-n1306760-guerrero-rolando.htm
GUERRERO Rolando,GUERRERO R,Male,1996-06-27,Mexico,Baseball/Softball,Coach,Softball,../../../en/results/baseball-softball/athlete-profile-n1306761-guerrero-rolando.htm
GUIDETTI Giovanni,GUIDETTI G,Male,1972-09-27,Italy,Volleyball,Head Coach,Women,../../../en/results/volleyball/athlete-profile-n1343709-guidetti-giovanni.htm
GUILLEN Ronald,GUILLEN R,Male,1983-05-29,Venezuela,Basketball,Coach,,../../../en/results/basketball/athlete-profile-n1451638-guillen-ronald.htm
GUIMARAES Jose Roberto,GUIMARAES JR,Male,1954-07-31,Brazil,Volleyball,Head Coach,Women,../../../en/results/volleyball/athlete-profile-n1353935-guimaraes-jose-roberto.htm
GUSTAVSSON Tony,GUSTAVSSON T,Male,1973-08-14,Sweden,Football,Head Coach,Women,../../../en/results/football/athlete-profile-n1482750-gustavsson-tony.htm
HAGER Mark,HAGER M,Male,1964-04-28,Australia,Hockey,Head Coach,Women,../../../en/results/hockey/athlete-profile-n1444643-hager-mark.htm
HAIDARA Soualiho,HAIDARA S,Male,1974-12-30,C么te d'Ivoire,Football,Head Coach,Men,../../../en/results/football/athlete-profile-n1385379-haidara-soualiho.htm
HALD Simon,HALD S,Male,1994-09-28,Denmark,Handball,Coach,,../../../en/results/handball/athlete-profile-n1367064-hald-simon.htm
HALKETT Rhett,HALKETT R,Male,1986-05-02,South Africa,Hockey,Coach,,../../../en/results/hockey/athlete-profile-n1466845-halkett-rhett.htm
HAM Darvin de,HAM DD,Male,1973-07-23,United States of America,Basketball,Coach,,../../../en/results/basketball/athlete-profile-n1400529-ham-darvin-de.htm
HAMMETT Bianca,HAMMETT B.,Female,1990-09-12,Australia,Artistic Swimming,Coach,Duet,../../../en/results/artistic-swimming/athlete-profile-n1302187-hammett-bianca.htm
HAMMETT Bianca,HAMMETT B.,Female,1990-09-12,Australia,Artistic Swimming,Coach,Team,../../../en/results/artistic-swimming/athlete-profile-n1302187-hammett-bianca.htm
HARDY William,HARDY W,Male,1988-01-21,United States of America,Basketball,Coach,,../../../en/results/basketball/athlete-profile-n1312745-hardy-william.htm
HARROW Laing,HARROW L,Male,1970-04-03,Australia,Baseball/Softball,Head Coach,Softball,../../../en/results/baseball-softball/athlete-profile-n1484459-harrow-laing.htm
HARVEY Laura,HARVEY L,Female,1980-05-15,Great Britain,Football,Head Coach,,../../../en/results/football/athlete-profile-n1332120-harvey-laura.htm
HAVENGA Arno,HAVENGA A,Male,1974-11-14,Netherlands,Water Polo,Head Coach,Women,../../../en/results/water-polo/athlete-profile-n1467486-havenga-arno.htm
HAY Danny,HAY D,Male,1975-05-15,New Zealand,Football,Head Coach,Men,../../../en/results/football/athlete-profile-n1476098-hay-danny.htm
HENKEL Claas,HENKEL C,Male,1979-07-21,Germany,Hockey,Coach,Men,../../../en/results/hockey/athlete-profile-n1319578-henkel-claas.htm
HENNING Andre,HENNING A,Male,1983-12-03,Germany,Hockey,Coach,Men,../../../en/results/hockey/athlete-profile-n1433924-henning-andre.htm
HERGEIRSSON Thorir,HERGEIRSSON T,Male,1964-04-27,Iceland,Handball,Coach,Women,../../../en/results/handball/athlete-profile-n1343757-hergeirsson-thorir.htm
HERNANDEZ Anderson,HERNANDEZ A,Male,1982-10-30,Dominican Republic,Baseball/Softball,Coach,Baseball,../../../en/results/baseball-softball/athlete-profile-n1469797-hernandez-anderson.htm
HERNANDEZ FRAILE Jose Ignacio,HERNANDEZ FRAILE J,Male,1969-08-12,Spain,Basketball,Coach,,../../../en/results/basketball/athlete-profile-n1322511-hernandez-fraile-jose-ignacio.htm
HERNANDEZ Sergio,HERNANDEZ S,Male,1963-11-01,Argentina,Basketball,Coach,Men,../../../en/results/basketball/athlete-profile-n1344532-hernandez-sergio.htm
HEYNEN Vital,HEYNEN V,Male,1969-06-12,Belgium,Volleyball,Head Coach,Men,../../../en/results/volleyball/athlete-profile-n1313929-heynen-vital.htm
HIROSE Norikazu,HIROSE N,Male,1974-12-30,Japan,Football,Head Coach,,../../../en/results/football/athlete-profile-n1329666-hirose-norikazu.htm
HOAG Glenn,HOAG G,Male,1958-12-06,Canada,Volleyball,Head Coach,Men,../../../en/results/volleyball/athlete-profile-n1433404-hoag-glenn.htm
HOLANEK Zoltan,HOLANEK Z,Male,1975-08-08,Hungary,Handball,Coach,,../../../en/results/handball/athlete-profile-n1309806-holanek-zoltan.htm
HOVASSE Thomas Wayne,HOVASSE TW,Male,1967-01-31,United States of America,Basketball,Coach,Women,../../../en/results/basketball/athlete-profile-n1313677-hovasse-thomas-wayne.htm
HUGHES Daniel,HUGHES D,Male,1993-07-16,United States of America,Basketball,Coach,,../../../en/results/basketball/athlete-profile-n1312709-hughes-daniel.htm
HUGHLEY JR Otis,HUGHLEY JR O,Male,1964-09-25,United States of America,Basketball,Coach,Women,../../../en/results/basketball/athlete-profile-n1401785-hughley-jr-otis.htm
IBATA Hirokazu,IBATA H,Male,1975-05-12,Japan,Baseball/Softball,Coach,Baseball,../../../en/results/baseball-softball/athlete-profile-n1313746-ibata-hirokazu.htm
IMURA Masayo,IMURA M,Female,1950-08-16,Japan,Artistic Swimming,Coach,Duet,../../../en/results/artistic-swimming/athlete-profile-n1315871-imura-masayo.htm
IMURA Masayo,IMURA M,Female,1950-08-16,Japan,Artistic Swimming,Coach,Team,../../../en/results/artistic-swimming/athlete-profile-n1315871-imura-masayo.htm
IWABUCHI Kensuke,IWABUCHI K,Male,1975-12-30,Japan,Rugby Sevens,Head Coach,Men,../../../en/results/rugby-sevens/athlete-profile-n1315530-iwabuchi-kensuke.htm
JACOBS Alex,JACOBS A,Male,1987-06-01,United States of America,Baseball/Softball,Coach,Baseball,../../../en/results/baseball-softball/athlete-profile-n1309161-jacobs-alex.htm
JACOBSEN Nikolaj,JACOBSEN N,Male,1971-11-22,Denmark,Handball,Coach,Men,../../../en/results/handball/athlete-profile-n1367204-jacobsen-nikolaj.htm
JARDINE Andre,JARDINE A,Male,1979-09-08,Brazil,Football,Head Coach,Men,../../../en/results/football/athlete-profile-n1351421-jardine-andre.htm
JAUMA CAYUELA Esther,JAUMA CAYUELA E,Female,1970-05-07,Spain,Artistic Swimming,Coach,Duet,../../../en/results/artistic-swimming/athlete-profile-n1467506-jauma-cayuela-esther.htm
JENNINGS Dee,JENNINGS D,Female,1971-03-04,Australia,Hockey,Coach,,../../../en/results/hockey/athlete-profile-n1483174-jennings-dee.htm
JEROME Essapa,JEROME E,Male,1965-09-22,C么te d'Ivoire,Football,Head Coach,,../../../en/results/football/athlete-profile-n1323715-jerome-essapa.htm
JIA Xiuquan,JIA X,Male,1963-03-23,People's Republic of China,Football,Head Coach,Women,../../../en/results/football/athlete-profile-n1332764-jia-xiuquan.htm
JIMENEZ NIETO Cecilia,JIMENEZ NIETO C,Female,1995-07-27,Spain,Artistic Swimming,Coach,Duet,../../../en/results/artistic-swimming/athlete-profile-n1325845-jimenez-nieto-cecilia.htm
JIN Kabyong,JIN K,Male,1974-05-08,Republic of Korea,Baseball/Softball,Coach,Baseball,../../../en/results/baseball-softball/athlete-profile-n1333158-jin-kabyong.htm
JOHNSON Vickie,JOHNSON V,Female,1972-04-15,United States of America,Basketball,Coach,,../../../en/results/basketball/athlete-profile-n1312744-johnson-vickie.htm
JONES Chris,JONES C,Male,1967-04-19,Canada,Baseball/Softball,Coach,Softball,../../../en/results/baseball-softball/athlete-profile-n1426205-jones-chris.htm
JONES Nathan,JONES N,Male,1977-01-20,Australia,Baseball/Softball,Coach,Softball,../../../en/results/baseball-softball/athlete-profile-n1484456-jones-nathan.htm
KAISER Pierre,KAISER P,Male,1988-06-16,Belgium,Basketball,Coach,,../../../en/results/basketball/athlete-profile-n1393339-kaiser-pierre.htm
KANEKO Makoto,KANEKO M,Male,1975-11-08,Japan,Baseball/Softball,Coach,Baseball,../../../en/results/baseball-softball/athlete-profile-n1336505-kaneko-makoto.htm
KANG Jae Won,KANG JW,Male,1965-11-30,Republic of Korea,Handball,Coach,Women,../../../en/results/handball/athlete-profile-n1332489-kang-jae-won.htm
KANUNGO Bergin,KANUNGO B,Male,1962-09-09,Zambia,Football,Head Coach,,../../../en/results/football/athlete-profile-n1793714-kanungo-bergin.htm
KAWASE Asaki,KAWASE A,Female,1982-09-09,Japan,Football,Head Coach,,../../../en/results/football/athlete-profile-n1330710-kawase-asaki.htm
KAZAMA Takafumi,KAZAMA T,Male,1985-12-05,Japan,Football,Head Coach,,../../../en/results/football/athlete-profile-n1329581-kazama-takafumi.htm
KELLER Florian,KELLER F,Male,1981-10-03,Germany,Hockey,Coach,Women,../../../en/results/hockey/athlete-profile-n1319566-keller-florian.htm
KERRY Danny,KERRY D,Male,1970-12-02,Great Britain,Hockey,Head Coach,Men,../../../en/results/hockey/athlete-profile-n1444647-kerry-danny.htm
KIM Chanbin,KIM C,Male,1985-05-10,Republic of Korea,Football,Head Coach,,../../../en/results/football/athlete-profile-n1341066-kim-chanbin.htm
KIM Hagbum,KIM H,Male,1960-03-01,Republic of Korea,Football,Head Coach,Men,../../../en/results/football/athlete-profile-n9171064-kim-hagbum.htm
KIM Jae Hyun,KIM JH,Male,1975-10-02,Republic of Korea,Baseball/Softball,Coach,Baseball,../../../en/results/baseball-softball/athlete-profile-n1333159-kim-jae-hyun.htm
KIM Jongkook,KIM J,Male,1973-09-14,Republic of Korea,Baseball/Softball,Coach,Baseball,../../../en/results/baseball-softball/athlete-profile-n1333160-kim-jongkook.htm
KIRALY Karch,KIRALY K,Male,1960-11-03,United States of America,Volleyball,Head Coach,Women,../../../en/results/volleyball/athlete-profile-n1298673-kiraly-karch.htm
KIRKELY Ulrik,KIRKELY U,Male,1972-01-05,Denmark,Handball,Coach,Women,../../../en/results/handball/athlete-profile-n1315306-kirkely-ulrik.htm
KIRKPATRICK Andrew,KIRKPATRICK A,Male,1984-05-06,Australia,Baseball/Softball,Coach,Softball,../../../en/results/baseball-softball/athlete-profile-n1484457-kirkpatrick-andrew.htm
KITABAYASHI Kenji,KITABAYASHI K,Male,1967-12-29,Japan,Handball,Coach,,../../../en/results/handball/athlete-profile-n1315300-kitabayashi-kenji.htm
KLARENBEEK Auke,KLARENBEEK A,Male,1976-07-20,Netherlands,Handball,Coach,,../../../en/results/handball/athlete-profile-n1458573-klarenbeek-auke.htm
KNEZEVIC Nemanja,KNEZEVIC N,Male,1984-01-11,Montenegro,Water Polo,Head Coach,Men,../../../en/results/water-polo/athlete-profile-n1303735-knezevic-nemanja.htm
KOFFI Anthony,KOFFI A,Male,1953-09-13,C么te d'Ivoire,Football,Head Coach,,../../../en/results/football/athlete-profile-n1323742-koffi-anthony.htm
KONSTANTINOV Aleksei,KONSTANTINOV A,Male,1983-06-17,ROC,Volleyball,Head Coach,,../../../en/results/volleyball/athlete-profile-n1435987-konstantinov-aleksei.htm
KRIKORIAN Adam,KRIKORIAN A,Male,1974-07-22,United States of America,Water Polo,Head Coach,Women,../../../en/results/water-polo/athlete-profile-n1320578-krikorian-adam.htm
KRIST JANSSON Aron,KRIST JANSSON A,Male,1972-07-14,Iceland,Handball,Coach,Men,../../../en/results/handball/athlete-profile-n1301237-krist-jansson-aron.htm
KRUMBHOLZ Olivier,KRUMBHOLZ O,Male,1958-07-12,France,Handball,Coach,Women,../../../en/results/handball/athlete-profile-n1439966-krumbholz-olivier.htm
KULESZA Kasia,KULESZA K,Female,1976-08-29,Canada,Artistic Swimming,Coach,Team,../../../en/results/artistic-swimming/athlete-profile-n1450732-kulesza-kasia.htm
KUNTZ Stefan,KUNTZ S,Male,1962-10-30,Germany,Football,Head Coach,Men,../../../en/results/football/athlete-profile-n1325356-kuntz-stefan.htm
KUZIN Andrey,KUZIN A,Male,1978-10-29,ROC,Rugby Sevens,Head Coach,Women,../../../en/results/rugby-sevens/athlete-profile-n1408386-kuzin-andrey.htm
KWIEK Marcos,KWIEK M,Male,1967-07-18,Brazil,Volleyball,Head Coach,Women,../../../en/results/volleyball/athlete-profile-n1295679-kwiek-marcos.htm
LAIDLAW Clark,LAIDLAW C,Male,1977-07-16,Great Britain,Rugby Sevens,Head Coach,Men,../../../en/results/rugby-sevens/athlete-profile-n1473923-laidlaw-clark.htm
LAMAS Julio,LAMAS J,Male,1964-06-09,Argentina,Basketball,Coach,Men,../../../en/results/basketball/athlete-profile-n1313651-lamas-julio.htm
LANG Ping,LANG P,Female,1960-12-10,People's Republic of China,Volleyball,Head Coach,Women,../../../en/results/volleyball/athlete-profile-n1342738-lang-ping.htm
LAVARINI Stefano,LAVARINI S,Male,1979-01-17,Italy,Volleyball,Head Coach,Women,../../../en/results/volleyball/athlete-profile-n1320648-lavarini-stefano.htm
LAZARO CORRAL Jesus,LAZARO CORRAL J,Male,1971-12-21,Spain,Basketball,Coach,,../../../en/results/basketball/athlete-profile-n1322506-lazaro-corral-jesus.htm
LEE Jong Yeol,LEE JY,Male,1973-01-28,Republic of Korea,Baseball/Softball,Coach,Baseball,../../../en/results/baseball-softball/athlete-profile-n1333162-lee-jong-yeol.htm
LETELIER Jose,LETELIER J,Male,1966-05-23,Chile,Football,Head Coach,Women,../../../en/results/football/athlete-profile-n1335536-letelier-jose.htm
LOCK Adrian Mayner,LOCK AM,Male,1976-02-23,Great Britain,Hockey,Head Coach,Women,../../../en/results/hockey/athlete-profile-n1355307-lock-adrian-mayner.htm
LOFTUS Adriana,LOFTUS A,Female,1958-06-28,Mexico,Artistic Swimming,Coach,Duet,../../../en/results/artistic-swimming/athlete-profile-n1301560-loftus-adriana.htm
LOPES BARBOSA Leonard,LOPES BARBOSA L,Male,1982-07-04,Brazil,Volleyball,Head Coach,,../../../en/results/volleyball/athlete-profile-n1459291-lopes-barbosa-leonard.htm
LOPEZ GUILLEN Melvyn,LOPEZ GUILLEN M,Male,1974-07-05,Dominican Republic,Basketball,Coach,,../../../en/results/basketball/athlete-profile-n1468694-lopez-guillen-melvyn.htm
LOPEZ Monica Susana,LOPEZ MS,Female,1959-12-19,Argentina,Artistic Swimming,Coach,,../../../en/results/artistic-swimming/athlete-profile-n1332306-lopez-monica-susana.htm
LORRAINE Andrew,LORRAINE A,Male,1972-08-11,United States of America,Baseball/Softball,Coach,Baseball,../../../en/results/baseball-softball/athlete-profile-n1282219-lorraine-andrew.htm
LOUCKS Luke,LOUCKS L,Male,1990-04-01,United States of America,Basketball,Coach,,../../../en/results/basketball/athlete-profile-n1400532-loucks-luke.htm
LOZANO Jaime,LOZANO J,Male,1978-09-29,Mexico,Football,Head Coach,Men,../../../en/results/football/athlete-profile-n1353553-lozano-jaime.htm
MACEK Anze,MACEK A,Male,1991-06-10,Slovenia,Basketball,Coach,,../../../en/results/basketball/athlete-profile-n1437110-macek-anze.htm
MACKINTOSH Euan,MACKINTOSH E,Male,1985-09-06,Great Britain,Rugby Sevens,Head Coach,Women,../../../en/results/rugby-sevens/athlete-profile-n1307120-mackintosh-euan.htm
MAEDA Kenzo,MAEDA K,Male,1982-06-27,Japan,Basketball,Coach,,../../../en/results/basketball/athlete-profile-n1313654-maeda-kenzo.htm
MAHLANGU Sibusiso,MAHLANGU S,Male,1984-02-12,South Africa,Football,Head Coach,,../../../en/results/football/athlete-profile-n1325041-mahlangu-sibusiso.htm
MAKIRI Hare,MAKIRI H,Male,1978-05-31,New Zealand,Rugby Sevens,Head Coach,Women,../../../en/results/rugby-sevens/athlete-profile-n1315532-makiri-hare.htm
MALJKOVIC Marina,MALJKOVIC M,Female,1981-09-26,Serbia,Basketball,Coach,Women,../../../en/results/basketball/athlete-profile-n1344396-maljkovic-marina.htm
MANENTI John,MANENTI J,Male,1971-03-30,Australia,Rugby Sevens,Head Coach,Women,../../../en/results/rugby-sevens/athlete-profile-n1473099-manenti-john.htm
MANZANILLO Andres,MANZANILLO A,Male,1977-08-01,Venezuela,Volleyball,Head Coach,,../../../en/results/volleyball/athlete-profile-n1308821-manzanillo-andres.htm
MARCZ Tamas,MARCZ T,Male,1974-07-17,Hungary,Water Polo,Head Coach,Men,../../../en/results/water-polo/athlete-profile-n1364592-marcz-tamas.htm
MARIJNE Sjoerd,MARIJNE S,Male,1974-04-20,Netherlands,Hockey,Head Coach,Women,../../../en/results/hockey/athlete-profile-n1309670-marijne-sjoerd.htm
MARINELLI Fernando,MARINELLI F,Male,1979-09-27,Argentina,Football,Head Coach,,../../../en/results/football/athlete-profile-n1335544-marinelli-fernando.htm
MARTIN LOZANO David,MARTIN LOZANO D,Male,1977-01-02,Spain,Water Polo,Head Coach,Men,../../../en/results/water-polo/athlete-profile-n1328036-martin-lozano-david.htm
MARTIN Paul,MARTIN P,Male,1982-10-12,South Africa,Water Polo,Head Coach,Men,../../../en/results/water-polo/athlete-profile-n1399919-martin-paul.htm
MASHA Mario,MASHA M,Male,1982-07-22,South Africa,Football,Head Coach,,../../../en/results/football/athlete-profile-n1610833-masha-mario.htm
MATSUNO Yoshiyuki,MATSUNO Y,Male,1986-04-16,Japan,Basketball,Coach,,../../../en/results/basketball/athlete-profile-n1313680-matsuno-yoshiyuki.htm
MATSUODANI Yasushi,MATSUODANI Y,Male,1977-09-20,Japan,Football,Head Coach,,../../../en/results/football/athlete-profile-n1329578-matsuodani-yasushi.htm
MAYBURY Elena,MAYBURY E,Female,1985-10-17,Great Britain,Football,Head Coach,,../../../en/results/football/athlete-profile-n1444400-maybury-elena.htm
MAYONNADE Emmanuel,MAYONNADE E,Male,1983-06-12,France,Handball,Coach,Women,../../../en/results/handball/athlete-profile-n1457064-mayonnade-emmanuel.htm
MAZZANTI Davide,MAZZANTI D,Male,1976-10-15,Italy,Volleyball,Head Coach,Women,../../../en/results/volleyball/athlete-profile-n1337663-mazzanti-davide.htm
McCRORIE Christy,McCRORIE C,Female,1984-06-05,South Africa,Hockey,Coach,,../../../en/results/hockey/athlete-profile-n1542943-mccrorie-christy.htm
McLEOD Shane,McLEOD S,Male,1968-09-04,New Zealand,Hockey,Head Coach,Men,../../../en/results/hockey/athlete-profile-n1402028-mcleod-shane.htm
MEDINA Bobby,MEDINA B,Male,1963-09-24,United States of America,Basketball,Coach,,../../../en/results/basketball/athlete-profile-n1401820-medina-bobby.htm
MENDEZ Marcelo Rodolfo,MENDEZ MR,Male,1964-06-20,Argentina,Volleyball,Head Coach,Men,../../../en/results/volleyball/athlete-profile-n1366973-mendez-marcelo-rodolfo.htm
MENTOOR Delaine,MENTOOR D,Female,1993-05-26,South Africa,Water Polo,Head Coach,Women,../../../en/results/water-polo/athlete-profile-n1399767-mentoor-delaine.htm
MERCEDES del ROSARIO Jose,MERCEDES del ROSA.,Male,1964-03-19,Dominican Republic,Basketball,Coach,,../../../en/results/basketball/athlete-profile-n1468726-mercedes-del-rosario-jose.htm
MESTDAGH Philip,MESTDAGH P,Male,1963-01-26,Belgium,Basketball,Coach,Women,../../../en/results/basketball/athlete-profile-n1393340-mestdagh-philip.htm
MEZHENINA Valeriia,MEZHENINA V,Female,1965-03-04,Ukraine,Artistic Swimming,Coach,Team,../../../en/results/artistic-swimming/athlete-profile-n1449844-mezhenina-valeriia.htm
MEZIANE Rachid,MEZIANE R,Male,1980-02-10,France,Basketball,Coach,,../../../en/results/basketball/athlete-profile-n1337976-meziane-rachid.htm
MIHAILOVIC Predrag,MIHAILOVIC P,Male,1974-02-24,Australia,Water Polo,Head Coach,Women,../../../en/results/water-polo/athlete-profile-n1483341-mihailovic-predrag.htm
MIREJOVSKY Michal,MIREJOVSKY M,Male,1981-10-12,Czech Republic,Basketball,Coach,,../../../en/results/basketball/athlete-profile-n1432598-mirejovsky-michal.htm
MIRET GARCIA Daniel,MIRET GARCIA D,Male,1985-06-25,Spain,Basketball,Coach,,../../../en/results/basketball/athlete-profile-n1400379-miret-garcia-daniel.htm
MIURA Keiko,MIURA K,Female,1975-03-16,Japan,Hockey,Coach,Women,../../../en/results/hockey/athlete-profile-n1318205-miura-keiko.htm
MIYAKAWA Miya,MIYAKAWA M,Female,1974-12-12,Japan,Artistic Swimming,Coach,Duet,../../../en/results/artistic-swimming/athlete-profile-n1315873-miyakawa-miya.htm
MIYAKAWA Miya,MIYAKAWA M,Female,1974-12-12,Japan,Artistic Swimming,Coach,Team,../../../en/results/artistic-swimming/athlete-profile-n1315873-miyakawa-miya.htm
MLADENOVA Albena,MLADENOVA A,Female,1964-06-10,Austria,Artistic Swimming,Coach,Duet,../../../en/results/artistic-swimming/athlete-profile-n1323387-mladenova-albena.htm
MOHAMED Sayeda,MOHAMED S,Female,1970-11-08,Egypt,Football,Head Coach,,../../../en/results/football/athlete-profile-n1484278-mohamed-sayeda.htm
MOHAMMED Silifat,MOHAMMED S,Female,1971-01-20,Nigeria,Basketball,Coach,,../../../en/results/basketball/athlete-profile-n1479236-mohammed-silifat.htm
MONDELO Lucas,MONDELO L,Male,1967-07-28,Spain,Basketball,Coach,Women,../../../en/results/basketball/athlete-profile-n1322507-mondelo-lucas.htm
MONTICO Loredana,MONTICO L,Female,1965-09-30,Italy,Artistic Swimming,Coach,Duet,../../../en/results/artistic-swimming/athlete-profile-n1483950-montico-loredana.htm
MONTICO Loredana,MONTICO L,Female,1965-09-30,Italy,Artistic Swimming,Coach,Team,../../../en/results/artistic-swimming/athlete-profile-n1483950-montico-loredana.htm
MORIYASU Hajime,MORIYASU H,Male,1968-08-23,Japan,Football,Head Coach,Men,../../../en/results/football/athlete-profile-n1329561-moriyasu-hajime.htm
MOTOMIYA Makihiro,MOTOMIYA M,Male,1968-12-31,Japan,Water Polo,Head Coach,Women,../../../en/results/water-polo/athlete-profile-n1316554-motomiya-makihiro.htm
MULATI Adilijiang,MULATI A,Male,1985-10-26,People's Republic of China,Basketball,Coach,,../../../en/results/basketball/athlete-profile-n1324783-mulati-adilijiang.htm
MULBERG Nate,MULBERG N,Male,1992-01-05,United States of America,Baseball/Softball,Coach,Baseball,../../../en/results/baseball-softball/athlete-profile-n1282237-mulberg-nate.htm
MUNOZ Noe,MUNOZ N,Male,1970-12-03,Mexico,Baseball/Softball,Coach,Baseball,../../../en/results/baseball-softball/athlete-profile-n1825806-munoz-noe.htm
MURATA Yoshinori,MURATA Y,Male,1974-04-24,Japan,Baseball/Softball,Coach,Baseball,../../../en/results/baseball-softball/athlete-profile-n1336506-murata-yoshinori.htm
MWAPE Bruce,MWAPE B,Male,1959-10-26,Zambia,Football,Head Coach,Women,../../../en/results/football/athlete-profile-n1477392-mwape-bruce.htm
NAGAE Shoji,NAGAE S,Male,1987-09-04,Japan,Volleyball,Head Coach,,../../../en/results/volleyball/athlete-profile-n1484652-nagae-shoji.htm
NAIDOO Taren,NAIDOO T,Female,1987-12-21,South Africa,Hockey,Coach,Women,../../../en/results/hockey/athlete-profile-n1318765-naidoo-taren.htm
NAKADA Kumi,NAKADA K,Female,1965-09-03,Japan,Volleyball,Head Coach,Women,../../../en/results/volleyball/athlete-profile-n1316363-nakada-kumi.htm
NAKAGAICHI Yuichi,NAKAGAICHI Y,Male,1967-11-02,Japan,Volleyball,Head Coach,Men,../../../en/results/volleyball/athlete-profile-n1316304-nakagaichi-yuichi.htm
NCUBE Mthandazo,NCUBE M,Male,1981-04-10,South Africa,Football,Head Coach,,../../../en/results/football/athlete-profile-n1610836-ncube-mthandazo.htm
NEVES Christophe,NEVES C,Male,1977-08-03,France,Football,Head Coach,,../../../en/results/football/athlete-profile-n1385704-neves-christophe.htm
NISHIDA Takumi,NISHIDA T,Male,1991-09-01,Japan,Rugby Sevens,Head Coach,,../../../en/results/rugby-sevens/athlete-profile-n1315538-nishida-takumi.htm
NOTOANE David,NOTOANE D,Male,1969-02-07,South Africa,Football,Head Coach,Men,../../../en/results/football/athlete-profile-n1325049-notoane-david.htm
OCA GAIA Miguel Angel,OCA GAIA M,Male,1970-04-15,Spain,Water Polo,Head Coach,Women,../../../en/results/water-polo/athlete-profile-n1328039-oca-gaia-miguel-angel.htm
ODAUDU Ogoh,ODAUDU O,Male,1981-08-03,Nigeria,Basketball,Coach,,../../../en/results/basketball/athlete-profile-n1479230-odaudu-ogoh.htm
OLOO Felix,OLOO F,Male,1984-11-11,Kenya,Rugby Sevens,Head Coach,Women,../../../en/results/rugby-sevens/athlete-profile-n1327167-oloo-felix.htm
OMOTO Yoji,OMOTO Y,Male,1967-06-26,Japan,Water Polo,Head Coach,Men,../../../en/results/water-polo/athlete-profile-n1316505-omoto-yoji.htm
PAGAN CRISTOBAL Angel,PAGAN CRISTOBAL A,Male,1964-10-31,United States of America,Basketball,Coach,,../../../en/results/basketball/athlete-profile-n1298218-pagan-cristobal-angel.htm
PALERMI Giovanna,PALERMI G,Female,1964-01-15,Italy,Baseball/Softball,Coach,Softball,../../../en/results/baseball-softball/athlete-profile-n1325707-palermi-giovanna.htm
PANTOJA Hernan,PANTOJA H,Male,1955-03-29,Venezuela,Volleyball,Head Coach,,../../../en/results/volleyball/athlete-profile-n1308812-pantoja-hernan.htm
PARADELO David,PARADELO D,Male,1985-10-07,Canada,Water Polo,Head Coach,Women,../../../en/results/water-polo/athlete-profile-n1433333-paradelo-david.htm
PARRONDO Roberto,PARRONDO R,Male,1980-01-12,Spain,Handball,Coach,Men,../../../en/results/handball/athlete-profile-n1303861-parrondo-roberto.htm
PAUL Henry,PAUL H,Male,1974-02-10,Great Britain,Rugby Sevens,Head Coach,Men,../../../en/results/rugby-sevens/athlete-profile-n1450999-paul-henry.htm
PEDRERO Ofelia,PEDRERO O,Female,1988-03-28,Mexico,Artistic Swimming,Coach,Duet,../../../en/results/artistic-swimming/athlete-profile-n1301565-pedrero-ofelia.htm
PEREIRA Paulo Jorge,PEREIRA PJ,Male,1965-03-21,Portugal,Handball,Coach,Men,../../../en/results/handball/athlete-profile-n1451585-pereira-paulo-jorge.htm
PEREZ Jose,PEREZ J,Male,1982-01-24,Venezuela,Basketball,Coach,,../../../en/results/basketball/athlete-profile-n1418926-perez-jose.htm
PIBIRI Rossella,PIBIRI R,Female,1982-04-21,Italy,Artistic Swimming,Coach,,../../../en/results/artistic-swimming/athlete-profile-n1310730-pibiri-rossella.htm
PISKAREVA Ekaterina,PISKAREVA E,Female,1971-02-26,ROC,Artistic Swimming,Coach,Team,../../../en/results/artistic-swimming/athlete-profile-n1431714-piskareva-ekaterina.htm
PIZZOLINI Federico,PIZZOLINI F,Male,1964-05-09,Italy,Baseball/Softball,Head Coach,Softball,../../../en/results/baseball-softball/athlete-profile-n1325706-pizzolini-federico.htm
POPOVIC Bojana,POPOVIC B,Female,1979-11-20,Montenegro,Handball,Coach,Women,../../../en/results/handball/athlete-profile-n1330960-popovic-bojana.htm
POPOVICH Gregg,POPOVICH G,Male,1949-01-28,United States of America,Basketball,Coach,Men,../../../en/results/basketball/athlete-profile-n1312715-popovich-gregg.htm
POROBIC Petar,POROBIC P,Male,1957-05-28,Montenegro,Water Polo,Head Coach,Women,../../../en/results/water-polo/athlete-profile-n1376868-porobic-petar.htm
POTTER Anthony,POTTER A,Male,1972-05-11,Australia,Hockey,Coach,Men,../../../en/results/hockey/athlete-profile-n1483118-potter-anthony.htm
POWELL Katrina,POWELL K,Female,1972-04-08,Australia,Hockey,Head Coach,Women,../../../en/results/hockey/athlete-profile-n1483179-powell-katrina.htm
POWELL Neil,POWELL N,Male,1978-06-28,South Africa,Rugby Sevens,Head Coach,Men,../../../en/results/rugby-sevens/athlete-profile-n1284765-powell-neil.htm
PRADO BRANAS Joaquin,PRADO BRANAS J,Male,1976-03-17,Spain,Basketball,Coach,,../../../en/results/basketball/athlete-profile-n1322509-prado-branas-joaquin.htm
PRIESTMAN Bev,PRIESTMAN B,Female,1986-04-29,Great Britain,Football,Head Coach,Women,../../../en/results/football/athlete-profile-n1469450-priestman-bev.htm
RADOI Mirel,RADOI M,Male,1981-03-22,Romania,Football,Head Coach,Men,../../../en/results/football/athlete-profile-n1313039-radoi-mirel.htm
RECKINGER Xavier,RECKINGER X,Male,1983-12-20,Belgium,Hockey,Head Coach,Women,../../../en/results/hockey/athlete-profile-n1319558-reckinger-xavier.htm
REID Graham John,REID GJ,Male,1964-04-09,Australia,Hockey,Head Coach,Men,../../../en/results/hockey/athlete-profile-n1309599-reid-graham-john.htm
REQUENA PERICAS Judit,REQUENA PERICAS J,Female,1992-11-26,Spain,Artistic Swimming,Coach,Team,../../../en/results/artistic-swimming/athlete-profile-n1328041-requena-pericas-judit.htm
RETEGUI Carlos Jose,RETEGUI CJ,Male,1969-12-19,Argentina,Hockey,Head Coach,Men,../../../en/results/hockey/athlete-profile-n1361834-retegui-carlos-jose.htm
RETEGUI Carlos Jose,RETEGUI CJ,Male,1969-12-19,Argentina,Hockey,Head Coach,Women,../../../en/results/hockey/athlete-profile-n1361834-retegui-carlos-jose.htm
RIBERA ROMANS Jordi,RIBERA ROMANS J,Male,1963-03-05,Spain,Handball,Coach,Men,../../../en/results/handball/athlete-profile-n1313332-ribera-romans-jordi.htm
RIISE Hege,RIISE H,Female,1969-07-18,Norway,Football,Head Coach,Women,../../../en/results/football/athlete-profile-n1464724-riise-hege.htm
RILLIE John,RILLIE J,Male,1971-11-04,Australia,Basketball,Coach,,../../../en/results/basketball/athlete-profile-n1895587-rillie-john.htm
RIPOLL Sylvain,RIPOLL S,Male,1971-08-15,France,Football,Head Coach,Men,../../../en/results/football/athlete-profile-n1406207-ripoll-sylvain.htm
RODRIGUEZ Eduardo Rafael,RODRIGUEZ ER,Male,1974-05-17,Argentina,Volleyball,Head Coach,,../../../en/results/volleyball/athlete-profile-n1365441-rodriguez-eduardo-rafael.htm
ROEDL Henrik,ROEDL H,Male,1969-03-04,Germany,Basketball,Coach,Men,../../../en/results/basketball/athlete-profile-n1327353-roedl-henrik.htm
ROQUES Tony,ROQUES T,Male,1978-09-07,Great Britain,Rugby Sevens,Head Coach,Men,../../../en/results/rugby-sevens/athlete-profile-n1468862-roques-tony.htm
SACCHETTI Meo,SACCHETTI M,Male,1953-08-20,Italy,Basketball,Coach,Men,../../../en/results/basketball/athlete-profile-n1348383-sacchetti-meo.htm
SALAM Mohamed,SALAM M,Male,1981-10-05,Egypt,Football,Head Coach,,../../../en/results/football/athlete-profile-n1378825-salam-mohamed.htm
SAMMELVUO Tuomas,SAMMELVUO T,Male,1976-02-16,Finland,Volleyball,Head Coach,Men,../../../en/results/volleyball/athlete-profile-n1435978-sammelvuo-tuomas.htm
SARTI Ronald,SARTI R,Male,1971-10-19,Venezuela,Volleyball,Head Coach,Men,../../../en/results/volleyball/athlete-profile-n1307555-sarti-ronald.htm
SAVIC Dejan,SAVIC D,Male,1975-04-24,Serbia,Water Polo,Head Coach,Men,../../../en/results/water-polo/athlete-profile-n1344212-savic-dejan.htm
SCARIOLO Sergio,SCARIOLO S,Male,1961-04-01,Italy,Basketball,Coach,Men,../../../en/results/basketball/athlete-profile-n1322508-scariolo-sergio.htm
SCHILLING April,SCHILLING A,Female,1980-12-09,United States of America,Basketball,Coach,,../../../en/results/basketball/athlete-profile-n1405790-schilling-april.htm
SEKULIC Aleksander,SEKULIC A,Male,1978-02-24,Slovenia,Basketball,Coach,Men,../../../en/results/basketball/athlete-profile-n1436878-sekulic-aleksander.htm
SEO Chun Oh,SEO CO,Male,1967-08-03,Republic of Korea,Rugby Sevens,Head Coach,Men,../../../en/results/rugby-sevens/athlete-profile-n1342995-seo-chun-oh.htm
SERMANNI Tom,SERMANNI T,Male,1954-07-01,Australia,Football,Head Coach,Women,../../../en/results/football/athlete-profile-n1476106-sermanni-tom.htm
SHAHINTAB Mehran,SHAHINTAB M,Male,1966-03-21,Islamic Republic of Iran,Basketball,Coach,Men,../../../en/results/basketball/athlete-profile-n1281792-shahintab-mehran.htm
SHAHNAZI Shahbaz,SHAHNAZI S,Male,1987-07-11,Islamic Republic of Iran,Artistic Swimming,Coach,,../../../en/results/artistic-swimming/athlete-profile-n1331227-shahnazi-shahbaz.htm
SHAW Graham,SHAW G,Male,1978-10-17,Ireland,Hockey,Head Coach,Women,../../../en/results/hockey/athlete-profile-n1473560-shaw-graham.htm
SHAWKY Gharib,SHAWKY G,Male,1959-02-26,Egypt,Football,Head Coach,Men,../../../en/results/football/athlete-profile-n1378816-shawky-gharib.htm
SHIMIZU Masaji,SHIMIZU M,Male,1964-07-07,Japan,Baseball/Softball,Coach,Baseball,../../../en/results/baseball-softball/athlete-profile-n1313744-shimizu-masaji.htm
SIAM Zaghloul,SIAM Z,Male,1968-03-25,Egypt,Football,Head Coach,,../../../en/results/football/athlete-profile-n1898563-siam-zaghloul.htm
SIGURDSSON Dagur,SIGURDSSON D,Male,1973-04-03,Iceland,Handball,Coach,Men,../../../en/results/handball/athlete-profile-n1315297-sigurdsson-dagur.htm
SILVA Jose,SILVA J,Male,1973-12-19,Mexico,Baseball/Softball,Coach,Baseball,../../../en/results/baseball-softball/athlete-profile-n1849265-silva-jose.htm
SIMIYU Innocent,SIMIYU I,Male,1983-04-24,Kenya,Rugby Sevens,Head Coach,Men,../../../en/results/rugby-sevens/athlete-profile-n1422514-simiyu-innocent.htm
SINGH Shivendra,SINGH S,Male,1983-06-09,India,Hockey,Coach,Men,../../../en/results/hockey/athlete-profile-n1309727-singh-shivendra.htm
SMITH Darren,SMITH D,Male,1973-11-14,New Zealand,Hockey,Head Coach,Men,../../../en/results/hockey/athlete-profile-n1473561-smith-darren.htm
SMITH Mark,SMITH M,Male,1959-06-27,Canada,Baseball/Softball,Head Coach,Softball,../../../en/results/baseball-softball/athlete-profile-n1426206-smith-mark.htm
SOLBERG Glenn,SOLBERG G,Male,1972-02-18,Norway,Handball,Coach,Men,../../../en/results/handball/athlete-profile-n1408648-solberg-glenn.htm
SOYEZ Frederic,SOYEZ F,Male,1978-02-11,France,Hockey,Head Coach,Men,../../../en/results/hockey/athlete-profile-n1355309-soyez-frederic.htm
SPERAW John,SPERAW J,Male,1971-10-18,United States of America,Volleyball,Head Coach,Men,../../../en/results/volleyball/athlete-profile-n1298684-speraw-john.htm
SPERONI Stefania,SPERONI S,Female,1980-01-12,Italy,Artistic Swimming,Coach,Duet,../../../en/results/artistic-swimming/athlete-profile-n1425979-speroni-stefania.htm
STALEY Dawn Michelle,STALEY D,Female,1970-05-04,United States of America,Basketball,Coach,Women,../../../en/results/basketball/athlete-profile-n1312711-staley-dawn-michelle.htm
STANIFORTH Dave,STANIFORTH D,Male,1976-04-05,South Africa,Hockey,Coach,,../../../en/results/hockey/athlete-profile-n1483172-staniforth-dave.htm
STAS Jacques,STAS J,Male,1969-02-06,Belgium,Basketball,Coach,,../../../en/results/basketball/athlete-profile-n1866616-stas-jacques.htm
SUNDHAGE Pia Mariane,SUNDHAGE P,Female,1960-02-13,Sweden,Football,Head Coach,Women,../../../en/results/football/athlete-profile-n1351704-sundhage-pia-mariane.htm
SVETLICHNAYA Aliona,SVETLICHNAYA A,Female,1981-12-18,Belarus,Artistic Swimming,Coach,Duet,../../../en/results/artistic-swimming/athlete-profile-n1289288-svetlichnaya-aliona.htm
SZAUDER Gabor,SZAUDER G,Male,1972-02-10,Hungary,Artistic Swimming,Coach,Duet,../../../en/results/artistic-swimming/athlete-profile-n1450730-szauder-gabor.htm
SZAUDER Gabor,SZAUDER G,Male,1972-02-10,Hungary,Artistic Swimming,Coach,Team,../../../en/results/artistic-swimming/athlete-profile-n1450730-szauder-gabor.htm
SZAUDER Nora,SZAUDER N,Female,1979-01-29,Slovakia,Artistic Swimming,Coach,,../../../en/results/artistic-swimming/athlete-profile-n1387209-szauder-nora.htm
TAGLE German,TAGLE G,Male,1975-01-08,Chile,Football,Head Coach,,../../../en/results/football/athlete-profile-n1335542-tagle-german.htm
TAKAKURA Asako,TAKAKURA A,Female,1968-04-19,Japan,Football,Head Coach,Women,../../../en/results/football/athlete-profile-n1329662-takakura-asako.htm
TAKITA Risako,TAKITA R,Female,1972-10-30,Japan,Artistic Swimming,Coach,Duet,../../../en/results/artistic-swimming/athlete-profile-n1315872-takita-risako.htm
TAKITA Risako,TAKITA R,Female,1972-10-30,Japan,Artistic Swimming,Coach,Team,../../../en/results/artistic-swimming/athlete-profile-n1315872-takita-risako.htm
TARR Heather,TARR H,Female,1974-10-05,United States of America,Baseball/Softball,Coach,Softball,../../../en/results/baseball-softball/athlete-profile-n1310161-tarr-heather.htm
TATEYAMA Yoshinori,TATEYAMA Y,Male,1975-12-26,Japan,Baseball/Softball,Coach,Baseball,../../../en/results/baseball-softball/athlete-profile-n1313745-tateyama-yoshinori.htm
TERZIC Zoran,TERZIC Z,Male,1966-07-09,Serbia,Volleyball,Head Coach,Women,../../../en/results/volleyball/athlete-profile-n1344682-terzic-zoran.htm
THOMAIDIS Lisa,THOMAIDIS L,Female,1971-07-23,Canada,Basketball,Coach,Women,../../../en/results/basketball/athlete-profile-n1432978-thomaidis-lisa.htm
TILLIE Laurent,TILLIE L,Male,1963-12-01,France,Volleyball,Head Coach,Men,../../../en/results/volleyball/athlete-profile-n1340543-tillie-laurent.htm
TUCAK Ivica,TUCAK I,Male,1970-02-08,Croatia,Water Polo,Head Coach,Men,../../../en/results/water-polo/athlete-profile-n1398832-tucak-ivica.htm
TURNER Glenn,TURNER G,Male,1984-05-01,Australia,Hockey,Coach,Men,../../../en/results/hockey/athlete-profile-n1473563-turner-glenn.htm
UDOKA Ime,UDOKA I,Male,1977-08-09,United States of America,Basketball,Coach,,../../../en/results/basketball/athlete-profile-n1312717-udoka-ime.htm
UDOVICIC Dejan,UDOVICIC D,Male,1970-07-26,Serbia,Water Polo,Head Coach,Men,../../../en/results/water-polo/athlete-profile-n1320587-udovicic-dejan.htm
UTKIN Volodymyr,UTKIN V,Male,1969-12-19,Ukraine,Artistic Swimming,Coach,,../../../en/results/artistic-swimming/athlete-profile-n1449845-utkin-volodymyr.htm
UTSUGI Reika,UTSUGI R,Female,1963-06-01,Japan,Baseball/Softball,Head Coach,Softball,../../../en/results/baseball-softball/athlete-profile-n1313733-utsugi-reika.htm
van GINKEL Robin,van GINKEL R,Male,1982-04-30,South Africa,Hockey,Head Coach,Women,../../../en/results/hockey/athlete-profile-n1318772-van-ginkel-robin.htm
van GUNDY Jeff,van GUNDY J,Male,1962-01-19,United States of America,Basketball,Coach,,../../../en/results/basketball/athlete-profile-n1312723-van-gundy-jeff.htm
VASQUEZ Diego,VASQUEZ D,Male,1969-04-29,Venezuela,Basketball,Coach,,../../../en/results/basketball/athlete-profile-n1451597-vasquez-diego.htm
VILLEGAS Orlando,VILLEGAS O,Male,1959-03-17,Venezuela,Volleyball,Head Coach,,../../../en/results/volleyball/athlete-profile-n1308817-villegas-orlando.htm
VITORINO de SOUZA Marcelo,VITORINO de SOUZA,Male,1981-05-12,Brazil,Volleyball,Head Coach,,../../../en/results/volleyball/athlete-profile-n1459290-vitorino-de-souza-marcelo.htm
VIVER ARZA Carlos Enrique,VIVER ARZA CE,Male,1973-04-24,Spain,Handball,Coach,Women,../../../en/results/handball/athlete-profile-n1313339-viver-arza-carlos-enrique.htm
VLACHOS Theodoros,VLACHOS T,Male,1969-07-09,Greece,Water Polo,Head Coach,Men,../../../en/results/water-polo/athlete-profile-n1466687-vlachos-theodoros.htm
VOLOSHYNA Anna,VOLOSHYNA A,Female,1991-09-26,Ukraine,Artistic Swimming,Coach,Duet,../../../en/results/artistic-swimming/athlete-profile-n1444384-voloshyna-anna.htm
VORONOVA Elena,VORONOVA E,Female,1991-03-22,ROC,Artistic Swimming,Coach,Duet,../../../en/results/artistic-swimming/athlete-profile-n1431715-voronova-elena.htm
WALL Michael,WALL M,Male,1978-10-29,United States of America,Volleyball,Head Coach,,../../../en/results/volleyball/athlete-profile-n1298692-wall-michael.htm
WALLACE Dave,WALLACE D,Male,1946-09-07,United States of America,Baseball/Softball,Coach,Baseball,../../../en/results/baseball-softball/athlete-profile-n1471344-wallace-dave.htm
WALSH Tim,WALSH T,Male,1979-04-10,Australia,Rugby Sevens,Head Coach,Men,../../../en/results/rugby-sevens/athlete-profile-n1473092-walsh-tim.htm
WANG Jie,WANG J,Female,1961-11-18,People's Republic of China,Artistic Swimming,Coach,Duet,../../../en/results/artistic-swimming/athlete-profile-n1305109-wang-jie.htm
WANG Jie,WANG J,Female,1961-11-18,People's Republic of China,Artistic Swimming,Coach,Team,../../../en/results/artistic-swimming/athlete-profile-n1305109-wang-jie.htm
WANG Yang,WANG Y,Male,1968-09-08,People's Republic of China,Hockey,Head Coach,Women,../../../en/results/hockey/athlete-profile-n1396209-wang-yang.htm
WIEGMAN Sarina,WIEGMAN S,Female,1969-10-26,Netherlands,Football,Head Coach,Women,../../../en/results/football/athlete-profile-n1457429-wiegman-sarina.htm
WIRTH Oscar,WIRTH O,Male,1955-11-05,Chile,Football,Head Coach,,../../../en/results/football/athlete-profile-n1335548-wirth-oscar.htm
WOELFLIN Roberto Osvaldo,WOELFLIN RO,Male,1968-07-28,Argentina,Volleyball,Head Coach,,../../../en/results/volleyball/athlete-profile-n1365438-woelflin-roberto-osvaldo.htm
WOICKI Pawel,WOICKI P,Male,1983-06-29,Poland,Volleyball,Head Coach,,../../../en/results/volleyball/athlete-profile-n1313918-woicki-pawel.htm
WRIGHT Jerold,WRIGHT J,Male,1961-12-24,United States of America,Basketball,Coach,,../../../en/results/basketball/athlete-profile-n1312724-wright-jerold.htm
XU Limin,XU L,Male,1966-05-01,People's Republic of China,Basketball,Coach,Women,../../../en/results/basketball/athlete-profile-n1324796-xu-limin.htm
YAMAJI Noriko,YAMAJI N,Female,1970-09-17,Japan,Baseball/Softball,Coach,Softball,../../../en/results/baseball-softball/athlete-profile-n1313734-yamaji-noriko.htm
YOUNG Ernie,YOUNG E,Male,1969-07-08,United States of America,Baseball/Softball,Coach,Baseball,../../../en/results/baseball-softball/athlete-profile-n1460076-young-ernie.htm
YUAN Lingxi,YUAN L,Male,1982-07-31,People's Republic of China,Volleyball,Head Coach,,../../../en/results/volleyball/athlete-profile-n1342769-yuan-lingxi.htm
ZAITSEVA Olesia,ZAITSEVA O,Female,1974-11-08,Ukraine,Artistic Swimming,Coach,Duet,../../../en/results/artistic-swimming/athlete-profile-n1449843-zaitseva-olesia.htm
ZAMORA PEDREIRA Javier,ZAMORA PEDREIRA J,Male,1984-10-27,Spain,Basketball,Coach,,../../../en/results/basketball/athlete-profile-n1400384-zamora-pedreira-javier.htm
ZAMPIERI Francesca,ZAMPIERI F,Female,1981-12-22,Italy,Artistic Swimming,Coach,Duet,../../../en/results/artistic-swimming/athlete-profile-n1288449-zampieri-francesca.htm
ZHANG Xiaohuan,ZHANG X,Female,1980-08-19,People's Republic of China,Artistic Swimming,Coach,,../../../en/results/artistic-swimming/athlete-profile-n1305111-zhang-xiaohuan.htm
ZIJP Simon,ZIJP S,Male,1964-03-12,Netherlands,Hockey,Coach,,../../../en/results/hockey/athlete-profile-n1466849-zijp-simon.htm
ZONDI Nkuliso,ZONDI N,Male,1989-03-02,South Africa,Hockey,Coach,Women,../../../en/results/hockey/athlete-profile-n1318776-zondi-nkuliso.htm
